id,alias,name,image_url,is_closed,url,review_count,categories,rating,transactions,price,phone,display_phone,distance,business_hours,coordinates.latitude,coordinates.longitude,location.address1,location.address2,location.address3,location.city,location.zip_code,location.country,location.state,location.display_address,attributes.business_temp_closed,attributes.menu_url,attributes.open24_hours,attributes.waitlist_reservation
hdiuRS9sVZSMReZm4oV5SA,da-andrea-greenwich-village-new-york-2,Da Andrea - Greenwich Village,https://s3-media1.fl.yelpcdn.com/bphoto/OciLddTWxvBLKMH5DkMAOw/o.jpg,False,https://www.yelp.com/biz/da-andrea-greenwich-village-new-york-2?adjust_creative=l5Jc3jAH5zjED2xH-zgZMg&utm_campaign=yelp_api_v3&utm_medium=api_v3_business_search&utm_source=l5Jc3jAH5zjED2xH-zgZMg,2434,"[{'alias': 'italian', 'title': 'Italian'}, {'alias': 'mediterranean', 'title': 'Mediterranean'}, {'alias': 'breakfast_brunch', 'title': 'Breakfast & Brunch'}]",4.4,"['restaurant_reservation', 'delivery', 'pickup']",$$,+12123671979,(212) 367-1979,3427.506892736057,"[{'open': [{'is_overnight': False, 'start': '1130', 'end': '2200', 'day': 0}, {'is_overnight': False, 'start': '1130', 'end': '2200', 'day': 1}, {'is_overnight': False, 'start': '1130', 'end': '2200', 'day': 2}, {'is_overnight': False, 'start': '1130', 'end': '2200', 'day': 3}, {'is_overnight': False, 'start': '1130', 'end': '2300', 'day': 4}, {'is_overnight': False, 'start': '1100', 'end': '2300', 'day': 5}, {'is_overnight': False, 'start': '1100', 'end': '2200', 'day': 6}], 'hours_type': 'REGULAR', 'is_open_now': True}]",40.736287,-73.995865,35 W 13th St,,,New York,10011,US,NY,"['35 W 13th St', 'New York, NY 10011']",,https://www.daandreanyc.com/menu,,True
16ZnHpuaaBt92XWeJHCC5A,olio-e-più-new-york-7,Olio e Più,https://s3-media4.fl.yelpcdn.com/bphoto/CUpPgz_Q4QBHxxxxDJJTTA/o.jpg,False,https://www.yelp.com/biz/olio-e-pi%C3%B9-new-york-7?adjust_creative=l5Jc3jAH5zjED2xH-zgZMg&utm_campaign=yelp_api_v3&utm_medium=api_v3_business_search&utm_source=l5Jc3jAH5zjED2xH-zgZMg,6084,"[{'alias': 'pizza', 'title': 'Pizza'}, {'alias': 'italian', 'title': 'Italian'}, {'alias': 'cocktailbars', 'title': 'Cocktail Bars'}]",4.5,"['delivery', 'pickup']",$$,+12122436546,(212) 243-6546,3218.2493722035083,"[{'open': [{'is_overnight': False, 'start': '1100', 'end': '0000', 'day': 0}, {'is_overnight': False, 'start': '1100', 'end': '0000', 'day': 1}, {'is_overnight': False, 'start': '1100', 'end': '0000', 'day': 2}, {'is_overnight': False, 'start': '1100', 'end': '0000', 'day': 3}, {'is_overnight': False, 'start': '1100', 'end': '0000', 'day': 4}, {'is_overnight': False, 'start': '1000', 'end': '0000', 'day': 5}, {'is_overnight': False, 'start': '1000', 'end': '0000', 'day': 6}], 'hours_type': 'REGULAR', 'is_open_now': True}]",40.73406231935954,-73.99999980859876,3 Greenwich Ave,,,New York,10014,US,NY,"['3 Greenwich Ave', 'New York, NY 10014']",,https://www.olioepiu.com/nyc-menu/,,
DGhWO1sUWydVeR5j5ZZaMw,la-grande-boucherie-new-york-2,La Grande Boucherie,https://s3-media3.fl.yelpcdn.com/bphoto/b9URGcuuhnLq7J-__pHIng/o.jpg,False,https://www.yelp.com/biz/la-grande-boucherie-new-york-2?adjust_creative=l5Jc3jAH5zjED2xH-zgZMg&utm_campaign=yelp_api_v3&utm_medium=api_v3_business_search&utm_source=l5Jc3jAH5zjED2xH-zgZMg,3542,"[{'alias': 'french', 'title': 'French'}, {'alias': 'steak', 'title': 'Steakhouses'}, {'alias': 'cocktailbars', 'title': 'Cocktail Bars'}]",4.4,"['delivery', 'pickup']",$$$,+12125107714,(212) 510-7714,6458.633757596852,"[{'open': [{'is_overnight': False, 'start': '0800', 'end': '0000', 'day': 0}, {'is_overnight': False, 'start': '0800', 'end': '0000', 'day': 1}, {'is_overnight': False, 'start': '0800', 'end': '0000', 'day': 2}, {'is_overnight': False, 'start': '0800', 'end': '0000', 'day': 3}, {'is_overnight': False, 'start': '0800', 'end': '0000', 'day': 4}, {'is_overnight': False, 'start': '0900', 'end': '0000', 'day': 5}, {'is_overnight': False, 'start': '0900', 'end': '0000', 'day': 6}], 'hours_type': 'REGULAR', 'is_open_now': True}]",40.7626274,-73.98084109999999,145 W 53rd St,,,New York,10019,US,NY,"['145 W 53rd St', 'New York, NY 10019']",,https://www.boucherieus.com/la-grande-boucherie-menus/,,
zRXMvxUX_rOliKZPpkWi_g,valerie-new-york,Valerie,https://s3-media3.fl.yelpcdn.com/bphoto/mnH5QFkSMzZgd6P5eSZvvw/o.jpg,False,https://www.yelp.com/biz/valerie-new-york?adjust_creative=l5Jc3jAH5zjED2xH-zgZMg&utm_campaign=yelp_api_v3&utm_medium=api_v3_business_search&utm_source=l5Jc3jAH5zjED2xH-zgZMg,1065,"[{'alias': 'newamerican', 'title': 'New American'}, {'alias': 'cocktailbars', 'title': 'Cocktail Bars'}]",4.3,['delivery'],$$,+12123024545,(212) 302-4545,5769.456784305475,"[{'open': [{'is_overnight': False, 'start': '1130', 'end': '0000', 'day': 0}, {'is_overnight': True, 'start': '1130', 'end': '0200', 'day': 1}, {'is_overnight': True, 'start': '1130', 'end': '0200', 'day': 2}, {'is_overnight': True, 'start': '1130', 'end': '0200', 'day': 3}, {'is_overnight': True, 'start': '1130', 'end': '0200', 'day': 4}, {'is_overnight': True, 'start': '1100', 'end': '0200', 'day': 5}, {'is_overnight': False, 'start': '1100', 'end': '0000', 'day': 6}], 'hours_type': 'REGULAR', 'is_open_now': True}]",40.756326,-73.981117,45 W 45th St between 5th & 6th Ave,,,New York,10036,US,NY,"['45 W 45th St between 5th & 6th Ave', 'New York, NY 10036']",,https://www.valerienewyorkcity.com/menus/,,
-XYp6w50XbZfS90YddS5ew,soothr-new-york-2,Soothr,https://s3-media1.fl.yelpcdn.com/bphoto/pTdTkLH7kPsZrYO9-Emlag/o.jpg,False,https://www.yelp.com/biz/soothr-new-york-2?adjust_creative=l5Jc3jAH5zjED2xH-zgZMg&utm_campaign=yelp_api_v3&utm_medium=api_v3_business_search&utm_source=l5Jc3jAH5zjED2xH-zgZMg,1482,"[{'alias': 'thai', 'title': 'Thai'}, {'alias': 'noodles', 'title': 'Noodles'}, {'alias': 'cocktailbars', 'title': 'Cocktail Bars'}]",4.5,"['delivery', 'pickup']",$$,+12128449789,(212) 844-9789,3043.263183253491,"[{'open': [{'is_overnight': False, 'start': '1200', 'end': '1530', 'day': 0}, {'is_overnight': False, 'start': '1700', 'end': '2200', 'day': 0}, {'is_overnight': False, 'start': '1200', 'end': '1530', 'day': 1}, {'is_overnight': False, 'start': '1700', 'end': '2200', 'day': 1}, {'is_overnight': False, 'start': '1200', 'end': '1530', 'day': 2}, {'is_overnight': False, 'start': '1700', 'end': '2200', 'day': 2}, {'is_overnight': False, 'start': '1200', 'end': '1530', 'day': 3}, {'is_overnight': False, 'start': '1700', 'end': '2200', 'day': 3}, {'is_overnight': False, 'start': '1200', 'end': '1530', 'day': 4}, {'is_overnight': False, 'start': '1700', 'end': '2300', 'day': 4}, {'is_overnight': False, 'start': '1200', 'end': '1530', 'day': 5}, {'is_overnight': False, 'start': '1700', 'end': '2300', 'day': 5}, {'is_overnight': False, 'start': '1200', 'end': '1530', 'day': 6}, {'is_overnight': False, 'start': '1700', 'end': '2200', 'day': 6}], 'hours_type': 'REGULAR', 'is_open_now': True}]",40.732259,-73.987363,204 E 13th St,,,New York,10003,US,NY,"['204 E 13th St', 'New York, NY 10003']",,,,
jAaVnUKLITkuhzwXIe0vLQ,cafe-mogador-brooklyn,Cafe Mogador,https://s3-media3.fl.yelpcdn.com/bphoto/IzDmxBEB1Hr05KYWLXAQVA/o.jpg,False,https://www.yelp.com/biz/cafe-mogador-brooklyn?adjust_creative=l5Jc3jAH5zjED2xH-zgZMg&utm_campaign=yelp_api_v3&utm_medium=api_v3_business_search&utm_source=l5Jc3jAH5zjED2xH-zgZMg,1518,"[{'alias': 'moroccan', 'title': 'Moroccan'}, {'alias': 'breakfast_brunch', 'title': 'Breakfast & Brunch'}, {'alias': 'mediterranean', 'title': 'Mediterranean'}]",4.4,"['delivery', 'pickup']",$$$,+17184869222,(718) 486-9222,3299.5306167935732,"[{'open': [{'is_overnight': False, 'start': '1000', 'end': '2300', 'day': 0}, {'is_overnight': False, 'start': '1000', 'end': '2300', 'day': 1}, {'is_overnight': False, 'start': '1000', 'end': '2300', 'day': 2}, {'is_overnight': False, 'start': '1000', 'end': '2300', 'day': 3}, {'is_overnight': False, 'start': '1000', 'end': '0000', 'day': 4}, {'is_overnight': False, 'start': '1000', 'end': '0000', 'day': 5}, {'is_overnight': False, 'start': '1000', 'end': '2300', 'day': 6}], 'hours_type': 'REGULAR', 'is_open_now': True}]",40.719747,-73.959993,133 Wythe Ave,,,Brooklyn,11211,US,NY,"['133 Wythe Ave', 'Brooklyn, NY 11211']",,https://static1.squarespace.com/static/571da513c2ea511fcc0e4e6e/t/5fef6901dac66e1e16b292a6/1609525505904/Final+Menu+*-+Food+%2B+Drinks+%281%29.pdf,,True
fVbUVAiLiGgLA_nxBFxyww,thursday-kitchen-new-york,Thursday Kitchen,https://s3-media2.fl.yelpcdn.com/bphoto/iCP4QYCjWf9i-qDIBQrsnQ/o.jpg,False,https://www.yelp.com/biz/thursday-kitchen-new-york?adjust_creative=l5Jc3jAH5zjED2xH-zgZMg&utm_campaign=yelp_api_v3&utm_medium=api_v3_business_search&utm_source=l5Jc3jAH5zjED2xH-zgZMg,1829,"[{'alias': 'korean', 'title': 'Korean'}, {'alias': 'newamerican', 'title': 'New American'}, {'alias': 'tapasmallplates', 'title': 'Tapas/Small Plates'}]",4.4,"['delivery', 'pickup']",$$,,,2613.6743720268455,"[{'open': [{'is_overnight': False, 'start': '1800', 'end': '2215', 'day': 0}, {'is_overnight': False, 'start': '1800', 'end': '2215', 'day': 1}, {'is_overnight': False, 'start': '1800', 'end': '2215', 'day': 2}, {'is_overnight': False, 'start': '1800', 'end': '2215', 'day': 3}, {'is_overnight': False, 'start': '1700', 'end': '2315', 'day': 4}, {'is_overnight': False, 'start': '1700', 'end': '2315', 'day': 5}, {'is_overnight': False, 'start': '1700', 'end': '2215', 'day': 6}], 'hours_type': 'REGULAR', 'is_open_now': False}]",40.72761,-73.98373,424 E 9th St,,,New York,10009,US,NY,"['424 E 9th St', 'New York, NY 10009']",,https://www.thursdaykitchen.com/menu,,
qEe7nIhPfEL6L0-VYhWRrA,raku-new-york-6,Raku,https://s3-media1.fl.yelpcdn.com/bphoto/n1Ij-r1JkpHmoRgL-1E_FA/o.jpg,False,https://www.yelp.com/biz/raku-new-york-6?adjust_creative=l5Jc3jAH5zjED2xH-zgZMg&utm_campaign=yelp_api_v3&utm_medium=api_v3_business_search&utm_source=l5Jc3jAH5zjED2xH-zgZMg,1051,"[{'alias': 'japanese', 'title': 'Japanese'}, {'alias': 'noodles', 'title': 'Noodles'}]",4.5,"['delivery', 'pickup']",$$,+12129894797,(212) 989-4797,2522.0333124040876,"[{'open': [{'is_overnight': False, 'start': '1700', 'end': '2130', 'day': 0}, {'is_overnight': False, 'start': '1200', 'end': '2130', 'day': 1}, {'is_overnight': False, 'start': '1200', 'end': '2130', 'day': 2}, {'is_overnight': False, 'start': '1200', 'end': '2130', 'day': 3}, {'is_overnight': False, 'start': '1200', 'end': '2230', 'day': 4}, {'is_overnight': False, 'start': '1200', 'end': '2230', 'day': 5}, {'is_overnight': False, 'start': '1200', 'end': '2130', 'day': 6}], 'hours_type': 'REGULAR', 'is_open_now': True}]",40.7272479,-74.00253944171621,48 Macdougal St,,,New York,10012,US,NY,"['48 Macdougal St', 'New York, NY 10012']",,https://rakunyc.com/pages/menu-soho,,False
cJ837cA4SILruB3ArOZiSw,bourbon-and-branch-new-york-city,Bourbon and Branch,https://s3-media4.fl.yelpcdn.com/bphoto/fcnNvy1CzDpKFcSO5rApJg/o.jpg,False,https://www.yelp.com/biz/bourbon-and-branch-new-york-city?adjust_creative=l5Jc3jAH5zjED2xH-zgZMg&utm_campaign=yelp_api_v3&utm_medium=api_v3_business_search&utm_source=l5Jc3jAH5zjED2xH-zgZMg,141,"[{'alias': 'bars', 'title': 'Bars'}, {'alias': 'venues', 'title': 'Venues & Event Spaces'}, {'alias': 'tradamerican', 'title': 'American'}]",4.5,[],,+19294194951,(929) 419-4951,4998.291902485462,"[{'open': [{'is_overnight': False, 'start': '1130', 'end': '0000', 'day': 0}, {'is_overnight': False, 'start': '1130', 'end': '0000', 'day': 1}, {'is_overnight': False, 'start': '1130', 'end': '0000', 'day': 2}, {'is_overnight': False, 'start': '0000', 'end': '0100', 'day': 3}, {'is_overnight': False, 'start': '1130', 'end': '0000', 'day': 3}, {'is_overnight': False, 'start': '0000', 'end': '0200', 'day': 4}, {'is_overnight': False, 'start': '1130', 'end': '0000', 'day': 4}, {'is_overnight': False, 'start': '0000', 'end': '0200', 'day': 5}, {'is_overnight': False, 'start': '1100', 'end': '0000', 'day': 5}, {'is_overnight': False, 'start': '0000', 'end': '0200', 'day': 6}, {'is_overnight': False, 'start': '1100', 'end': '0000', 'day': 6}], 'hours_type': 'REGULAR', 'is_open_now': True}]",40.75030160000001,-73.9904585,155 W 33rd St,,,New York,10001,US,NY,"['155 W 33rd St', 'New York, NY 10001']",,,,
dEOv8_ivdHp85OK_TDQh_g,da-andrea-chelsea-new-york-3,Da Andrea - Chelsea,https://s3-media1.fl.yelpcdn.com/bphoto/8P1kzXbIAmQU3Qy4wN0dLg/o.jpg,False,https://www.yelp.com/biz/da-andrea-chelsea-new-york-3?adjust_creative=l5Jc3jAH5zjED2xH-zgZMg&utm_campaign=yelp_api_v3&utm_medium=api_v3_business_search&utm_source=l5Jc3jAH5zjED2xH-zgZMg,339,"[{'alias': 'italian', 'title': 'Italian'}, {'alias': 'wine_bars', 'title': 'Wine Bars'}, {'alias': 'cocktailbars', 'title': 'Cocktail Bars'}]",4.7,"['restaurant_reservation', 'delivery', 'pickup']",$$$,+12123545971,(212) 354-5971,4101.107170047979,"[{'open': [{'is_overnight': False, 'start': '1130', 'end': '2200', 'day': 0}, {'is_overnight': False, 'start': '1130', 'end': '2200', 'day': 1}, {'is_overnight': False, 'start': '1130', 'end': '2200', 'day': 2}, {'is_overnight': False, 'start': '1130', 'end': '2200', 'day': 3}, {'is_overnight': False, 'start': '1130', 'end': '2300', 'day': 4}, {'is_overnight': False, 'start': '1100', 'end': '2300', 'day': 5}, {'is_overnight': False, 'start': '1100', 'end': '2200', 'day': 6}], 'hours_type': 'REGULAR', 'is_open_now': True}]",40.742041,-74.000467,160 8th Ave,,,New York,10011,US,NY,"['160 8th Ave', 'New York, NY 10011']",,https://daandreanyc.com/chelsea/,,True
MGd6HFEq1ALD58XWNviSXw,time-out-market-new-york-brooklyn,Time Out Market New York,https://s3-media3.fl.yelpcdn.com/bphoto/Y41f8m_DRebv3tE21WYTYg/o.jpg,False,https://www.yelp.com/biz/time-out-market-new-york-brooklyn?adjust_creative=l5Jc3jAH5zjED2xH-zgZMg&utm_campaign=yelp_api_v3&utm_medium=api_v3_business_search&utm_source=l5Jc3jAH5zjED2xH-zgZMg,607,"[{'alias': 'food_court', 'title': 'Food Court'}]",4.0,[],$$,+19178104855,(917) 810-4855,288.11900780114274,"[{'open': [{'is_overnight': False, 'start': '0800', 'end': '2200', 'day': 0}, {'is_overnight': False, 'start': '0800', 'end': '2200', 'day': 1}, {'is_overnight': False, 'start': '0800', 'end': '2200', 'day': 2}, {'is_overnight': False, 'start': '0800', 'end': '2200', 'day': 3}, {'is_overnight': False, 'start': '0800', 'end': '2300', 'day': 4}, {'is_overnight': False, 'start': '0800', 'end': '2300', 'day': 5}, {'is_overnight': False, 'start': '0800', 'end': '2200', 'day': 6}], 'hours_type': 'REGULAR', 'is_open_now': True}]",40.70342863348067,-73.99214637055226,55 Water St,,,Brooklyn,11201,US,NY,"['55 Water St', 'Brooklyn, NY 11201']",,,,
DEp-9JVnKN7eTb9A_mUlfA,zou-zou-s-new-york-3,Zou Zou’s,https://s3-media1.fl.yelpcdn.com/bphoto/JFsmaq8GfDlzJJecw_bLHw/o.jpg,False,https://www.yelp.com/biz/zou-zou-s-new-york-3?adjust_creative=l5Jc3jAH5zjED2xH-zgZMg&utm_campaign=yelp_api_v3&utm_medium=api_v3_business_search&utm_source=l5Jc3jAH5zjED2xH-zgZMg,430,"[{'alias': 'mediterranean', 'title': 'Mediterranean'}, {'alias': 'cocktailbars', 'title': 'Cocktail Bars'}, {'alias': 'newamerican', 'title': 'New American'}]",4.2,[],$$$,+12123808585,(212) 380-8585,5294.518143442684,"[{'open': [{'is_overnight': False, 'start': '1130', 'end': '1430', 'day': 0}, {'is_overnight': False, 'start': '1700', 'end': '2300', 'day': 0}, {'is_overnight': False, 'start': '1130', 'end': '1430', 'day': 1}, {'is_overnight': False, 'start': '1700', 'end': '2300', 'day': 1}, {'is_overnight': False, 'start': '1130', 'end': '1430', 'day': 2}, {'is_overnight': False, 'start': '1700', 'end': '2300', 'day': 2}, {'is_overnight': False, 'start': '1130', 'end': '1430', 'day': 3}, {'is_overnight': False, 'start': '1700', 'end': '2300', 'day': 3}, {'is_overnight': False, 'start': '1130', 'end': '1430', 'day': 4}, {'is_overnight': False, 'start': '1700', 'end': '2300', 'day': 4}, {'is_overnight': False, 'start': '1100', 'end': '1430', 'day': 5}, {'is_overnight': False, 'start': '1700', 'end': '2300', 'day': 5}, {'is_overnight': False, 'start': '1100', 'end': '1430', 'day': 6}, {'is_overnight': False, 'start': '1700', 'end': '2300', 'day': 6}], 'hours_type': 'REGULAR', 'is_open_now': True}]",40.75294111375021,-73.99872428597398,385 9th Ave,Ste 85,,New York,10001,US,NY,"['385 9th Ave', 'Ste 85', 'New York, NY 10001']",,https://www.zouzousnyc.com/menus/,,
hNFe8WhCibrqT4sFcZmAgw,kong-sihk-tong-港食堂-new-york,Kong Sihk Tong 港食堂,https://s3-media1.fl.yelpcdn.com/bphoto/S9pXbhbanRRNjDg3DffhBQ/o.jpg,False,https://www.yelp.com/biz/kong-sihk-tong-%E6%B8%AF%E9%A3%9F%E5%A0%82-new-york?adjust_creative=l5Jc3jAH5zjED2xH-zgZMg&utm_campaign=yelp_api_v3&utm_medium=api_v3_business_search&utm_source=l5Jc3jAH5zjED2xH-zgZMg,916,"[{'alias': 'chinese', 'title': 'Chinese'}, {'alias': 'hkcafe', 'title': 'Hong Kong Style Cafe'}]",4.2,"['delivery', 'pickup']",$$,+16468506140,(646) 850-6140,1156.5626748255393,"[{'open': [{'is_overnight': False, 'start': '0800', 'end': '2100', 'day': 0}, {'is_overnight': False, 'start': '0800', 'end': '2100', 'day': 1}, {'is_overnight': False, 'start': '0800', 'end': '2100', 'day': 2}, {'is_overnight': False, 'start': '0800', 'end': '2100', 'day': 3}, {'is_overnight': False, 'start': '0800', 'end': '2200', 'day': 4}, {'is_overnight': False, 'start': '0800', 'end': '2200', 'day': 5}, {'is_overnight': False, 'start': '0800', 'end': '2100', 'day': 6}], 'hours_type': 'REGULAR', 'is_open_now': True}]",40.715433714742154,-73.9981186386701,65 Bayard St,,,New York,10013,US,NY,"['65 Bayard St', 'New York, NY 10013']",,https://kongsihktong.com/menu,,
4aF0F8w7yXX9o5_QFky_ig,celestine-brooklyn,Celestine,https://s3-media3.fl.yelpcdn.com/bphoto/p98BTWB9IIb4RQyDQw13ZQ/o.jpg,False,https://www.yelp.com/biz/celestine-brooklyn?adjust_creative=l5Jc3jAH5zjED2xH-zgZMg&utm_campaign=yelp_api_v3&utm_medium=api_v3_business_search&utm_source=l5Jc3jAH5zjED2xH-zgZMg,331,"[{'alias': 'mediterranean', 'title': 'Mediterranean'}, {'alias': 'diners', 'title': 'Diners'}, {'alias': 'cocktailbars', 'title': 'Cocktail Bars'}]",3.9,['delivery'],$$$,+17185225356,(718) 522-5356,539.4069533813018,"[{'open': [{'is_overnight': False, 'start': '1700', 'end': '2200', 'day': 0}, {'is_overnight': False, 'start': '1700', 'end': '2200', 'day': 1}, {'is_overnight': False, 'start': '1700', 'end': '2200', 'day': 2}, {'is_overnight': False, 'start': '1700', 'end': '2200', 'day': 3}, {'is_overnight': False, 'start': '1700', 'end': '2200', 'day': 4}, {'is_overnight': False, 'start': '1100', 'end': '1500', 'day': 5}, {'is_overnight': False, 'start': '1700', 'end': '2200', 'day': 5}, {'is_overnight': False, 'start': '1100', 'end': '1500', 'day': 6}, {'is_overnight': False, 'start': '1700', 'end': '2200', 'day': 6}], 'hours_type': 'REGULAR', 'is_open_now': True}]",40.704676,-73.987975,1 John St,,,Brooklyn,11201,US,NY,"['1 John St', 'Brooklyn, NY 11201']",,https://celestinebk.com/menu,,
WG639VkTjmK5dzydd1BBJA,rubirosa-new-york-2,Rubirosa,https://s3-media3.fl.yelpcdn.com/bphoto/l0Phrnhhj78RFiDhLIOUyQ/o.jpg,False,https://www.yelp.com/biz/rubirosa-new-york-2?adjust_creative=l5Jc3jAH5zjED2xH-zgZMg&utm_campaign=yelp_api_v3&utm_medium=api_v3_business_search&utm_source=l5Jc3jAH5zjED2xH-zgZMg,3452,"[{'alias': 'italian', 'title': 'Italian'}, {'alias': 'pizza', 'title': 'Pizza'}]",4.3,['pickup'],$$,+12129650500,(212) 965-0500,1932.9467701334759,"[{'open': [{'is_overnight': False, 'start': '1100', 'end': '2300', 'day': 0}, {'is_overnight': False, 'start': '1100', 'end': '2300', 'day': 1}, {'is_overnight': False, 'start': '1100', 'end': '2300', 'day': 2}, {'is_overnight': False, 'start': '1100', 'end': '2300', 'day': 3}, {'is_overnight': False, 'start': '1100', 'end': '2300', 'day': 4}, {'is_overnight': False, 'start': '1100', 'end': '2300', 'day': 5}, {'is_overnight': False, 'start': '1100', 'end': '2300', 'day': 6}], 'hours_type': 'REGULAR', 'is_open_now': True}]",40.722766,-73.996233,235 Mulberry St,,,New York,10012,US,NY,"['235 Mulberry St', 'New York, NY 10012']",,https://www.rubirosanyc.com/menus/,,
J3NT61-AH5d5Gu5tFJhYSw,the-cabin-nyc-new-york-2,The Cabin NYC,https://s3-media4.fl.yelpcdn.com/bphoto/uzvMIyhgiVXakf6cAbpFdw/o.jpg,False,https://www.yelp.com/biz/the-cabin-nyc-new-york-2?adjust_creative=l5Jc3jAH5zjED2xH-zgZMg&utm_campaign=yelp_api_v3&utm_medium=api_v3_business_search&utm_source=l5Jc3jAH5zjED2xH-zgZMg,706,"[{'alias': 'newamerican', 'title': 'New American'}, {'alias': 'cocktailbars', 'title': 'Cocktail Bars'}, {'alias': 'breakfast_brunch', 'title': 'Breakfast & Brunch'}]",4.1,"['restaurant_reservation', 'delivery', 'pickup']",$$,+12127770454,(212) 777-0454,2245.0427939871506,"[{'open': [{'is_overnight': False, 'start': '1600', 'end': '2200', 'day': 1}, {'is_overnight': False, 'start': '1600', 'end': '2300', 'day': 2}, {'is_overnight': False, 'start': '1600', 'end': '2300', 'day': 3}, {'is_overnight': True, 'start': '1600', 'end': '0200', 'day': 4}, {'is_overnight': True, 'start': '1100', 'end': '0200', 'day': 5}, {'is_overnight': False, 'start': '1100', 'end': '2200', 'day': 6}], 'hours_type': 'REGULAR', 'is_open_now': True}]",40.723991,-73.983785,205 E 4th St,,,New York,10009,US,NY,"['205 E 4th St', 'New York, NY 10009']",,,,True
Wu0eeQ8Wk_Hjg3cleoxFlw,gurumé-new-york-4,Gurumé,https://s3-media1.fl.yelpcdn.com/bphoto/sHDgI83rEE5wXHnrODa7_g/o.jpg,False,https://www.yelp.com/biz/gurum%C3%A9-new-york-4?adjust_creative=l5Jc3jAH5zjED2xH-zgZMg&utm_campaign=yelp_api_v3&utm_medium=api_v3_business_search&utm_source=l5Jc3jAH5zjED2xH-zgZMg,195,"[{'alias': 'korean', 'title': 'Korean'}, {'alias': 'tapasmallplates', 'title': 'Tapas/Small Plates'}, {'alias': 'cocktailbars', 'title': 'Cocktail Bars'}]",4.8,"['delivery', 'pickup']",,+19173882017,(917) 388-2017,6114.7797361275125,"[{'open': [{'is_overnight': False, 'start': '1700', 'end': '0000', 'day': 0}, {'is_overnight': False, 'start': '1700', 'end': '0000', 'day': 1}, {'is_overnight': False, 'start': '1700', 'end': '0000', 'day': 2}, {'is_overnight': False, 'start': '1700', 'end': '0000', 'day': 3}, {'is_overnight': False, 'start': '1700', 'end': '0000', 'day': 4}, {'is_overnight': False, 'start': '1700', 'end': '0000', 'day': 5}], 'hours_type': 'REGULAR', 'is_open_now': True}]",40.760301,-73.988564,313 W 46th St,,,New York,10036,US,NY,"['313 W 46th St', 'New York, NY 10036']",,https://www.gurumerestaurant.com/menu,,
0ODATydoAxksVR9TXsWsNg,kisa-new-york,Kisa,https://s3-media1.fl.yelpcdn.com/bphoto/PpUmSadyP5LF4PQTmX90xw/o.jpg,False,https://www.yelp.com/biz/kisa-new-york?adjust_creative=l5Jc3jAH5zjED2xH-zgZMg&utm_campaign=yelp_api_v3&utm_medium=api_v3_business_search&utm_source=l5Jc3jAH5zjED2xH-zgZMg,120,"[{'alias': 'korean', 'title': 'Korean'}]",4.4,[],,+16468668622,(646) 866-8622,1973.7158367162929,"[{'open': [{'is_overnight': False, 'start': '1700', 'end': '2300', 'day': 0}, {'is_overnight': False, 'start': '1700', 'end': '2300', 'day': 1}, {'is_overnight': False, 'start': '1700', 'end': '2300', 'day': 2}, {'is_overnight': False, 'start': '1700', 'end': '2300', 'day': 3}, {'is_overnight': False, 'start': '1100', 'end': '1430', 'day': 4}, {'is_overnight': False, 'start': '1700', 'end': '2300', 'day': 4}, {'is_overnight': False, 'start': '1100', 'end': '1430', 'day': 5}, {'is_overnight': False, 'start': '1700', 'end': '2300', 'day': 5}, {'is_overnight': False, 'start': '1100', 'end': '1430', 'day': 6}, {'is_overnight': False, 'start': '1700', 'end': '2300', 'day': 6}], 'hours_type': 'REGULAR', 'is_open_now': True}]",40.72272,-73.989086,205 Allen St,,,New York,10002,US,NY,"['205 Allen St', 'New York, NY 10002']",,https://www.kisaus.com/menu,,
gXgE7myTLwzXpnlfTXlzKQ,artesano-peruvian-cuisine-new-york,Artesano Peruvian Cuisine,https://s3-media2.fl.yelpcdn.com/bphoto/ngrJ7qENDjQ7WYBrarRfwA/o.jpg,False,https://www.yelp.com/biz/artesano-peruvian-cuisine-new-york?adjust_creative=l5Jc3jAH5zjED2xH-zgZMg&utm_campaign=yelp_api_v3&utm_medium=api_v3_business_search&utm_source=l5Jc3jAH5zjED2xH-zgZMg,159,"[{'alias': 'peruvian', 'title': 'Peruvian'}, {'alias': 'bars', 'title': 'Bars'}]",4.5,[],,+12123720297,(212) 372-0297,1496.5048427191468,"[{'open': [{'is_overnight': False, 'start': '1200', 'end': '2300', 'day': 0}, {'is_overnight': False, 'start': '1200', 'end': '2300', 'day': 1}, {'is_overnight': False, 'start': '1200', 'end': '2300', 'day': 2}, {'is_overnight': False, 'start': '1200', 'end': '2300', 'day': 3}, {'is_overnight': True, 'start': '1200', 'end': '0100', 'day': 4}, {'is_overnight': True, 'start': '1100', 'end': '0100', 'day': 5}, {'is_overnight': False, 'start': '1100', 'end': '2300', 'day': 6}], 'hours_type': 'REGULAR', 'is_open_now': True}]",40.714477664263505,-74.0074549,90 Chambers St,,,New York,10007,US,NY,"['90 Chambers St', 'New York, NY 10007']",,http://artesanorestaurant.com/,,
h37t9rA06Sr4EetJjKrfzw,don-angie-new-york,Don Angie,https://s3-media2.fl.yelpcdn.com/bphoto/onJX6_vaMPHXUqIbMrq79A/o.jpg,False,https://www.yelp.com/biz/don-angie-new-york?adjust_creative=l5Jc3jAH5zjED2xH-zgZMg&utm_campaign=yelp_api_v3&utm_medium=api_v3_business_search&utm_source=l5Jc3jAH5zjED2xH-zgZMg,938,"[{'alias': 'italian', 'title': 'Italian'}, {'alias': 'newamerican', 'title': 'New American'}]",4.5,['delivery'],$$$,+12128898884,(212) 889-8884,3657.076882257761,"[{'open': [{'is_overnight': False, 'start': '1630', 'end': '2200', 'day': 0}, {'is_overnight': False, 'start': '1630', 'end': '2200', 'day': 1}, {'is_overnight': False, 'start': '1630', 'end': '2200', 'day': 2}, {'is_overnight': False, 'start': '1630', 'end': '2200', 'day': 3}, {'is_overnight': False, 'start': '1530', 'end': '2200', 'day': 4}, {'is_overnight': False, 'start': '1130', 'end': '1400', 'day': 5}, {'is_overnight': False, 'start': '1530', 'end': '2200', 'day': 5}, {'is_overnight': False, 'start': '1130', 'end': '1400', 'day': 6}, {'is_overnight': False, 'start': '1530', 'end': '2200', 'day': 6}], 'hours_type': 'REGULAR', 'is_open_now': True}]",40.73778,-74.00197,103 Greenwich Ave,,,New York,10014,US,NY,"['103 Greenwich Ave', 'New York, NY 10014']",,https://www.donangie.com/menus/#menu,,
kVCCVqIikApTuD_SGHBwHg,unconventional-diner-washington-3,Unconventional Diner,https://s3-media1.fl.yelpcdn.com/bphoto/20e3x7JDlxp99DnclBilXw/o.jpg,False,https://www.yelp.com/biz/unconventional-diner-washington-3?adjust_creative=l5Jc3jAH5zjED2xH-zgZMg&utm_campaign=yelp_api_v3&utm_medium=api_v3_business_search&utm_source=l5Jc3jAH5zjED2xH-zgZMg,2910,"[{'alias': 'newamerican', 'title': 'New American'}, {'alias': 'breakfast_brunch', 'title': 'Breakfast & Brunch'}]",4.4,"['delivery', 'pickup']",$$,+12028470122,(202) 847-0122,827.3670846350631,"[{'open': [{'is_overnight': False, 'start': '0900', 'end': '2200', 'day': 0}, {'is_overnight': False, 'start': '0900', 'end': '2200', 'day': 1}, {'is_overnight': False, 'start': '0900', 'end': '2200', 'day': 2}, {'is_overnight': False, 'start': '0900', 'end': '2200', 'day': 3}, {'is_overnight': False, 'start': '0900', 'end': '2200', 'day': 4}, {'is_overnight': False, 'start': '0900', 'end': '2200', 'day': 5}, {'is_overnight': False, 'start': '0900', 'end': '2200', 'day': 6}], 'hours_type': 'REGULAR', 'is_open_now': True}]",38.906139,-77.0238,1207 9th St NW,,,"Washington, DC",20001,US,DC,"['1207 9th St NW', 'Washington, DC 20001']",,http://unconventionaldiner.com,,
no3EVuDJlxO52sPUOFPVTg,l-ardente-washington,L'Ardente,https://s3-media2.fl.yelpcdn.com/bphoto/YBJtnVWbzBE5F8dGwkZHtg/o.jpg,False,https://www.yelp.com/biz/l-ardente-washington?adjust_creative=l5Jc3jAH5zjED2xH-zgZMg&utm_campaign=yelp_api_v3&utm_medium=api_v3_business_search&utm_source=l5Jc3jAH5zjED2xH-zgZMg,1217,"[{'alias': 'italian', 'title': 'Italian'}]",4.5,"['delivery', 'pickup']",,+12024480450,(202) 448-0450,1990.3882579432227,"[{'open': [{'is_overnight': False, 'start': '1130', 'end': '1430', 'day': 0}, {'is_overnight': False, 'start': '1700', 'end': '2200', 'day': 0}, {'is_overnight': False, 'start': '1130', 'end': '1430', 'day': 1}, {'is_overnight': False, 'start': '1700', 'end': '2200', 'day': 1}, {'is_overnight': False, 'start': '1130', 'end': '1430', 'day': 2}, {'is_overnight': False, 'start': '1700', 'end': '2200', 'day': 2}, {'is_overnight': False, 'start': '1130', 'end': '1430', 'day': 3}, {'is_overnight': False, 'start': '1700', 'end': '2200', 'day': 3}, {'is_overnight': False, 'start': '1130', 'end': '1430', 'day': 4}, {'is_overnight': False, 'start': '1700', 'end': '2300', 'day': 4}, {'is_overnight': False, 'start': '1100', 'end': '1430', 'day': 5}, {'is_overnight': False, 'start': '1700', 'end': '2300', 'day': 5}, {'is_overnight': False, 'start': '1100', 'end': '1430', 'day': 6}, {'is_overnight': False, 'start': '1700', 'end': '2200', 'day': 6}], 'hours_type': 'REGULAR', 'is_open_now': True}]",38.89891904977066,-77.01407410000002,200 Massachusetts Ave NW,,,"Washington, DC",20001,US,DC,"['200 Massachusetts Ave NW', 'Washington, DC 20001']",,https://www.lardente.com/#menu,,True
uDeOuGCBMFgGE0c5WjxH1g,gypsy-kitchen-dc-washington,Gypsy Kitchen DC,https://s3-media4.fl.yelpcdn.com/bphoto/CNNAw486qYhKGKnGAhQ0jg/o.jpg,False,https://www.yelp.com/biz/gypsy-kitchen-dc-washington?adjust_creative=l5Jc3jAH5zjED2xH-zgZMg&utm_campaign=yelp_api_v3&utm_medium=api_v3_business_search&utm_source=l5Jc3jAH5zjED2xH-zgZMg,913,"[{'alias': 'tapasmallplates', 'title': 'Tapas/Small Plates'}, {'alias': 'mediterranean', 'title': 'Mediterranean'}]",4.3,['delivery'],$$,+12027650500,(202) 765-0500,398.0831748049227,"[{'open': [{'is_overnight': False, 'start': '1600', 'end': '2200', 'day': 0}, {'is_overnight': False, 'start': '1600', 'end': '2200', 'day': 1}, {'is_overnight': False, 'start': '1600', 'end': '2200', 'day': 2}, {'is_overnight': False, 'start': '1600', 'end': '2300', 'day': 3}, {'is_overnight': False, 'start': '1600', 'end': '2300', 'day': 4}, {'is_overnight': False, 'start': '1100', 'end': '2300', 'day': 5}, {'is_overnight': False, 'start': '1100', 'end': '2200', 'day': 6}], 'hours_type': 'REGULAR', 'is_open_now': False}]",38.91488,-77.03155,1825 14th St NW,,,"Washington, DC",20009,US,DC,"['1825 14th St NW', 'Washington, DC 20009']",,https://www.gypsykitchendc.com/menus,,
iyBbcXtQSBfiwFQZwVBNaQ,old-ebbitt-grill-washington,Old Ebbitt Grill,https://s3-media1.fl.yelpcdn.com/bphoto/iEv4hiXMwEIMValILOR1yg/o.jpg,False,https://www.yelp.com/biz/old-ebbitt-grill-washington?adjust_creative=l5Jc3jAH5zjED2xH-zgZMg&utm_campaign=yelp_api_v3&utm_medium=api_v3_business_search&utm_source=l5Jc3jAH5zjED2xH-zgZMg,11012,"[{'alias': 'bars', 'title': 'Bars'}, {'alias': 'tradamerican', 'title': 'American'}, {'alias': 'breakfast_brunch', 'title': 'Breakfast & Brunch'}]",4.2,['pickup'],$$,+12023474800,(202) 347-4800,1510.3942360556832,"[{'open': [{'is_overnight': True, 'start': '0800', 'end': '0200', 'day': 0}, {'is_overnight': True, 'start': '0800', 'end': '0200', 'day': 1}, {'is_overnight': True, 'start': '0800', 'end': '0200', 'day': 2}, {'is_overnight': True, 'start': '0800', 'end': '0200', 'day': 3}, {'is_overnight': True, 'start': '0800', 'end': '0200', 'day': 4}, {'is_overnight': True, 'start': '0900', 'end': '0200', 'day': 5}, {'is_overnight': True, 'start': '0900', 'end': '0200', 'day': 6}], 'hours_type': 'REGULAR', 'is_open_now': True}]",38.897967,-77.033342,675 15th St NW,,,"Washington, DC",20005,US,DC,"['675 15th St NW', 'Washington, DC 20005']",,https://www.ebbitt.com/menus/,,
Qt14DkOz6QNb6HoUdBguXw,anju-washington,ANJU,https://s3-media4.fl.yelpcdn.com/bphoto/A-ZXPBb2IBMb2gUtDbCGyQ/o.jpg,False,https://www.yelp.com/biz/anju-washington?adjust_creative=l5Jc3jAH5zjED2xH-zgZMg&utm_campaign=yelp_api_v3&utm_medium=api_v3_business_search&utm_source=l5Jc3jAH5zjED2xH-zgZMg,556,"[{'alias': 'korean', 'title': 'Korean'}]",4.3,"['delivery', 'pickup']",$$,+12028458935,(202) 845-8935,997.4245766926393,"[{'open': [{'is_overnight': False, 'start': '1700', 'end': '2100', 'day': 0}, {'is_overnight': False, 'start': '1700', 'end': '2100', 'day': 1}, {'is_overnight': False, 'start': '1700', 'end': '2100', 'day': 2}, {'is_overnight': False, 'start': '1700', 'end': '2100', 'day': 3}, {'is_overnight': False, 'start': '1700', 'end': '2200', 'day': 4}, {'is_overnight': False, 'start': '1100', 'end': '1330', 'day': 5}, {'is_overnight': False, 'start': '1700', 'end': '2200', 'day': 5}, {'is_overnight': False, 'start': '1100', 'end': '1330', 'day': 6}, {'is_overnight': False, 'start': '1700', 'end': '2100', 'day': 6}], 'hours_type': 'REGULAR', 'is_open_now': False}]",38.91437,-77.04149,1805 18th St NW,,,"Washington, DC",20009,US,DC,"['1805 18th St NW', 'Washington, DC 20009']",,,,
j9qYRR8HCXm_GEnetijOGA,le-diplomate-washington,Le Diplomate,https://s3-media4.fl.yelpcdn.com/bphoto/q45vqjjbIusXGGJTwSQk-g/o.jpg,False,https://www.yelp.com/biz/le-diplomate-washington?adjust_creative=l5Jc3jAH5zjED2xH-zgZMg&utm_campaign=yelp_api_v3&utm_medium=api_v3_business_search&utm_source=l5Jc3jAH5zjED2xH-zgZMg,5387,"[{'alias': 'brasseries', 'title': 'Brasseries'}, {'alias': 'french', 'title': 'French'}, {'alias': 'breakfast_brunch', 'title': 'Breakfast & Brunch'}]",4.3,"['delivery', 'pickup']",$$$,+12023323333,(202) 332-3333,100.39410224325381,"[{'open': [{'is_overnight': False, 'start': '1130', 'end': '2300', 'day': 0}, {'is_overnight': False, 'start': '1130', 'end': '2300', 'day': 1}, {'is_overnight': False, 'start': '1130', 'end': '2300', 'day': 2}, {'is_overnight': False, 'start': '1130', 'end': '2300', 'day': 3}, {'is_overnight': False, 'start': '1130', 'end': '0000', 'day': 4}, {'is_overnight': False, 'start': '0930', 'end': '0000', 'day': 5}, {'is_overnight': False, 'start': '0930', 'end': '2300', 'day': 6}], 'hours_type': 'REGULAR', 'is_open_now': True}]",38.91135,-77.03157,1601 14th St NW,,,"Washington, DC",20009,US,DC,"['1601 14th St NW', 'Washington, DC 20009']",,https://lediplomatedc.com/menus/essen/,,
VF2drUaysdGlx1dGGDq4ag,umai-nori-washington,Umai Nori,https://s3-media2.fl.yelpcdn.com/bphoto/y604HRt-6q55jLV442s2pQ/o.jpg,False,https://www.yelp.com/biz/umai-nori-washington?adjust_creative=l5Jc3jAH5zjED2xH-zgZMg&utm_campaign=yelp_api_v3&utm_medium=api_v3_business_search&utm_source=l5Jc3jAH5zjED2xH-zgZMg,128,"[{'alias': 'sushi', 'title': 'Sushi Bars'}]",4.8,[],,+12025065218,(202) 506-5218,1388.463269175728,"[{'open': [{'is_overnight': False, 'start': '1130', 'end': '1500', 'day': 0}, {'is_overnight': False, 'start': '1700', 'end': '2200', 'day': 0}, {'is_overnight': False, 'start': '1130', 'end': '1500', 'day': 1}, {'is_overnight': False, 'start': '1700', 'end': '2200', 'day': 1}, {'is_overnight': False, 'start': '1130', 'end': '1500', 'day': 2}, {'is_overnight': False, 'start': '1700', 'end': '2200', 'day': 2}, {'is_overnight': False, 'start': '1130', 'end': '1500', 'day': 3}, {'is_overnight': False, 'start': '1700', 'end': '2200', 'day': 3}, {'is_overnight': False, 'start': '1130', 'end': '1500', 'day': 4}, {'is_overnight': False, 'start': '1700', 'end': '2200', 'day': 4}, {'is_overnight': False, 'start': '1200', 'end': '2200', 'day': 5}], 'hours_type': 'REGULAR', 'is_open_now': True}]",38.905153,-77.044539,1147 20th St NW,,,"Washington, DC",20036,US,DC,"['1147 20th St NW', 'Washington, DC 20036']",,https://umainori.com/menu#480dc7c9-90a1-4e88-8987-f9182c52dcf9,,
kVLCPSyqcEYQx-htxLoMIA,coco-lezzone-washington,Coco Lezzone,https://s3-media2.fl.yelpcdn.com/bphoto/MtMNDH8diDxeaaRAogYKSg/o.jpg,False,https://www.yelp.com/biz/coco-lezzone-washington?adjust_creative=l5Jc3jAH5zjED2xH-zgZMg&utm_campaign=yelp_api_v3&utm_medium=api_v3_business_search&utm_source=l5Jc3jAH5zjED2xH-zgZMg,86,"[{'alias': 'mediterranean', 'title': 'Mediterranean'}]",4.9,"['restaurant_reservation', 'delivery', 'pickup']",,+12025064971,(202) 506-4971,1085.854181237906,"[{'open': [{'is_overnight': False, 'start': '1100', 'end': '2200', 'day': 0}, {'is_overnight': False, 'start': '1100', 'end': '2200', 'day': 1}, {'is_overnight': False, 'start': '1100', 'end': '2200', 'day': 2}, {'is_overnight': False, 'start': '1100', 'end': '2200', 'day': 3}, {'is_overnight': False, 'start': '1100', 'end': '2200', 'day': 4}, {'is_overnight': False, 'start': '1100', 'end': '2200', 'day': 5}], 'hours_type': 'REGULAR', 'is_open_now': True}]",38.901816,-77.033306,915 15th St NW,,,"Washington, DC",20005,US,DC,"['915 15th St NW', 'Washington, DC 20005']",,,,True
8pWrgtRGn4BqcOWb8ExxcA,boqueria-penn-quarter-washington-4,Boqueria Penn Quarter,https://s3-media2.fl.yelpcdn.com/bphoto/TFg6TgiTbVpHk2eYAQ6FFw/o.jpg,False,https://www.yelp.com/biz/boqueria-penn-quarter-washington-4?adjust_creative=l5Jc3jAH5zjED2xH-zgZMg&utm_campaign=yelp_api_v3&utm_medium=api_v3_business_search&utm_source=l5Jc3jAH5zjED2xH-zgZMg,549,"[{'alias': 'spanish', 'title': 'Spanish'}, {'alias': 'tapas', 'title': 'Tapas Bars'}, {'alias': 'tapasmallplates', 'title': 'Tapas/Small Plates'}]",4.3,"['delivery', 'pickup']",$$,+12025523268,(202) 552-3268,1457.477117255527,"[{'open': [{'is_overnight': False, 'start': '1100', 'end': '2200', 'day': 0}, {'is_overnight': False, 'start': '1100', 'end': '2200', 'day': 1}, {'is_overnight': False, 'start': '1100', 'end': '2200', 'day': 2}, {'is_overnight': False, 'start': '1100', 'end': '2200', 'day': 3}, {'is_overnight': False, 'start': '1100', 'end': '2300', 'day': 4}, {'is_overnight': False, 'start': '1100', 'end': '2300', 'day': 5}, {'is_overnight': False, 'start': '1100', 'end': '2100', 'day': 6}], 'hours_type': 'REGULAR', 'is_open_now': True}]",38.89952852762722,-77.0233928613015,777 9th St NW,,,"Washington, DC",20001,US,DC,"['777 9th St NW', 'Washington, DC 20001']",,,,
VA8aPObRynlwR1TGzbzraQ,founding-farmers-washington-washington-3,Founding Farmers - Washington,https://s3-media3.fl.yelpcdn.com/bphoto/qJtTJzMf2BIYv8C0-vLG0A/o.jpg,False,https://www.yelp.com/biz/founding-farmers-washington-washington-3?adjust_creative=l5Jc3jAH5zjED2xH-zgZMg&utm_campaign=yelp_api_v3&utm_medium=api_v3_business_search&utm_source=l5Jc3jAH5zjED2xH-zgZMg,17309,"[{'alias': 'tradamerican', 'title': 'American'}, {'alias': 'coffee', 'title': 'Coffee & Tea'}, {'alias': 'breakfast_brunch', 'title': 'Breakfast & Brunch'}]",4.0,"['delivery', 'pickup']",$$,+12028228783,(202) 822-8783,1713.429520399952,"[{'open': [{'is_overnight': False, 'start': '0700', 'end': '2200', 'day': 0}, {'is_overnight': False, 'start': '0700', 'end': '2200', 'day': 1}, {'is_overnight': False, 'start': '0700', 'end': '2200', 'day': 2}, {'is_overnight': False, 'start': '0700', 'end': '2200', 'day': 3}, {'is_overnight': False, 'start': '0700', 'end': '2300', 'day': 4}, {'is_overnight': False, 'start': '0830', 'end': '2300', 'day': 5}, {'is_overnight': False, 'start': '0830', 'end': '2200', 'day': 6}], 'hours_type': 'REGULAR', 'is_open_now': True}]",38.9003656616031,-77.04443538060977,1924 Pennsylvania Ave NW,,,"Washington, DC",20006,US,DC,"['1924 Pennsylvania Ave NW', 'Washington, DC 20006']",,https://www.wearefoundingfarmers.com/menus/?dc,,
QrPyRoG52peu7eCgi56bHw,g-o-a-t-room-washington,G.O.A.T. Room,https://s3-media3.fl.yelpcdn.com/bphoto/7_80x99BtigNf3nWXVycEw/o.jpg,False,https://www.yelp.com/biz/g-o-a-t-room-washington?adjust_creative=l5Jc3jAH5zjED2xH-zgZMg&utm_campaign=yelp_api_v3&utm_medium=api_v3_business_search&utm_source=l5Jc3jAH5zjED2xH-zgZMg,135,"[{'alias': 'indpak', 'title': 'Indian'}]",4.6,"['delivery', 'pickup']",,+12026218708,(202) 621-8708,936.49982005733,"[{'open': [{'is_overnight': False, 'start': '1100', 'end': '2200', 'day': 1}, {'is_overnight': False, 'start': '1100', 'end': '2200', 'day': 2}, {'is_overnight': False, 'start': '1100', 'end': '2200', 'day': 3}, {'is_overnight': False, 'start': '1100', 'end': '2300', 'day': 4}, {'is_overnight': False, 'start': '1100', 'end': '2300', 'day': 5}, {'is_overnight': False, 'start': '1100', 'end': '2100', 'day': 6}], 'hours_type': 'REGULAR', 'is_open_now': True}]",38.903343,-77.02671,1010 Massachusetts Ave NW,,,"Washington, DC",20001,US,DC,"['1010 Massachusetts Ave NW', 'Washington, DC 20001']",,,,
W8n8mW2fnHBqRN8QnqAk-w,dleña-washington-3,dLeña,https://s3-media1.fl.yelpcdn.com/bphoto/QhigtbZXPcLL_484yd7Utw/o.jpg,False,https://www.yelp.com/biz/dle%C3%B1a-washington-3?adjust_creative=l5Jc3jAH5zjED2xH-zgZMg&utm_campaign=yelp_api_v3&utm_medium=api_v3_business_search&utm_source=l5Jc3jAH5zjED2xH-zgZMg,1029,"[{'alias': 'mexican', 'title': 'Mexican'}, {'alias': 'latin', 'title': 'Latin American'}]",4.4,"['delivery', 'pickup']",$$$,+12025605999,(202) 560-5999,1439.8418018288364,"[{'open': [{'is_overnight': False, 'start': '1100', 'end': '1500', 'day': 0}, {'is_overnight': False, 'start': '1700', 'end': '2200', 'day': 0}, {'is_overnight': False, 'start': '1100', 'end': '1500', 'day': 1}, {'is_overnight': False, 'start': '1700', 'end': '2200', 'day': 1}, {'is_overnight': False, 'start': '1100', 'end': '1500', 'day': 2}, {'is_overnight': False, 'start': '1700', 'end': '2200', 'day': 2}, {'is_overnight': False, 'start': '1100', 'end': '1500', 'day': 3}, {'is_overnight': False, 'start': '1700', 'end': '2200', 'day': 3}, {'is_overnight': False, 'start': '1100', 'end': '1500', 'day': 4}, {'is_overnight': False, 'start': '1700', 'end': '2300', 'day': 4}, {'is_overnight': False, 'start': '1000', 'end': '1500', 'day': 5}, {'is_overnight': False, 'start': '1700', 'end': '2300', 'day': 5}, {'is_overnight': False, 'start': '1000', 'end': '1500', 'day': 6}, {'is_overnight': False, 'start': '1700', 'end': '2200', 'day': 6}], 'hours_type': 'REGULAR', 'is_open_now': True}]",38.902279,-77.018701,476 K St NW,,,"Washington, DC",20001,US,DC,"['476 K St NW', 'Washington, DC 20001']",,http://places.singleplatform.com/dlea/menu,,
iORMLvXAbFbe9xLDlT_C6g,baan-siam-washington,Baan Siam,https://s3-media1.fl.yelpcdn.com/bphoto/GgiBqZZBE2GXzehx9DajcA/o.jpg,False,https://www.yelp.com/biz/baan-siam-washington?adjust_creative=l5Jc3jAH5zjED2xH-zgZMg&utm_campaign=yelp_api_v3&utm_medium=api_v3_business_search&utm_source=l5Jc3jAH5zjED2xH-zgZMg,642,"[{'alias': 'thai', 'title': 'Thai'}, {'alias': 'wine_bars', 'title': 'Wine Bars'}, {'alias': 'beerbar', 'title': 'Beer Bar'}]",4.5,['delivery'],$$,+12025885889,(202) 588-5889,1652.66178476172,"[{'open': [{'is_overnight': False, 'start': '1130', 'end': '1500', 'day': 1}, {'is_overnight': False, 'start': '1700', 'end': '2100', 'day': 1}, {'is_overnight': False, 'start': '1130', 'end': '1500', 'day': 2}, {'is_overnight': False, 'start': '1700', 'end': '2100', 'day': 2}, {'is_overnight': False, 'start': '1130', 'end': '1500', 'day': 3}, {'is_overnight': False, 'start': '1700', 'end': '2100', 'day': 3}, {'is_overnight': False, 'start': '1130', 'end': '1500', 'day': 4}, {'is_overnight': False, 'start': '1700', 'end': '2200', 'day': 4}, {'is_overnight': False, 'start': '1130', 'end': '2200', 'day': 5}, {'is_overnight': False, 'start': '1130', 'end': '2100', 'day': 6}], 'hours_type': 'REGULAR', 'is_open_now': True}]",38.90147950746981,-77.01634228634687,425 I St NW,,,"Washington, DC",20001,US,DC,"['425 I St NW', 'Washington, DC 20001']",,https://www.baansiamdc.com/_files/ugd/35c3ff_d7776604d20e456096a38e7b99ad82bf.pdf,,
cHvf3L4NAklSE4j9agOkHQ,astoria-dc-washington,Astoria DC,https://s3-media2.fl.yelpcdn.com/bphoto/9yZ8qySdvBKzJkI-5Hu4Bg/o.jpg,False,https://www.yelp.com/biz/astoria-dc-washington?adjust_creative=l5Jc3jAH5zjED2xH-zgZMg&utm_campaign=yelp_api_v3&utm_medium=api_v3_business_search&utm_source=l5Jc3jAH5zjED2xH-zgZMg,453,"[{'alias': 'szechuan', 'title': 'Szechuan'}, {'alias': 'cocktailbars', 'title': 'Cocktail Bars'}]",4.3,[],$$,,,664.1278966879469,"[{'open': [{'is_overnight': True, 'start': '1700', 'end': '0100', 'day': 0}, {'is_overnight': True, 'start': '1700', 'end': '0100', 'day': 2}, {'is_overnight': True, 'start': '1700', 'end': '0100', 'day': 3}, {'is_overnight': True, 'start': '1700', 'end': '0200', 'day': 4}, {'is_overnight': True, 'start': '1700', 'end': '0200', 'day': 5}, {'is_overnight': True, 'start': '1700', 'end': '0100', 'day': 6}], 'hours_type': 'REGULAR', 'is_open_now': False}]",38.91052,-77.03813,1521 17th St NW,,,"Washington, DC",20036,US,DC,"['1521 17th St NW', 'Washington, DC 20036']",,,,False
TY99XLJGE8uOga4JuZK-FA,carusos-grocery-washington,Caruso's Grocery,https://s3-media1.fl.yelpcdn.com/bphoto/M259Qi7j8KUQ1Zg75B-Ppw/o.jpg,False,https://www.yelp.com/biz/carusos-grocery-washington?adjust_creative=l5Jc3jAH5zjED2xH-zgZMg&utm_campaign=yelp_api_v3&utm_medium=api_v3_business_search&utm_source=l5Jc3jAH5zjED2xH-zgZMg,261,"[{'alias': 'italian', 'title': 'Italian'}]",4.6,[],$$,+12026610148,(202) 661-0148,5272.689322699522,"[{'open': [{'is_overnight': False, 'start': '1700', 'end': '2200', 'day': 1}, {'is_overnight': False, 'start': '1700', 'end': '2200', 'day': 2}, {'is_overnight': False, 'start': '1700', 'end': '2200', 'day': 3}, {'is_overnight': False, 'start': '1700', 'end': '2200', 'day': 4}, {'is_overnight': False, 'start': '1700', 'end': '2200', 'day': 5}, {'is_overnight': False, 'start': '1700', 'end': '2130', 'day': 6}], 'hours_type': 'REGULAR', 'is_open_now': False}]",38.879703,-76.985245,914 14th St SE,,,"Washington, DC",20003,US,DC,"['914 14th St SE', 'Washington, DC 20003']",,https://www.carusosgrocery.com/_files/ugd/57bf25_7989b46e675b4331bfcfb3707c2717e9.pdf,,
7lhAE3IcXTF-Ph--Zrlb5A,cr-noma-washington-2,CR NoMa,https://s3-media1.fl.yelpcdn.com/bphoto/l-Xg7f-iFShB2MeT0_l7EA/o.jpg,False,https://www.yelp.com/biz/cr-noma-washington-2?adjust_creative=l5Jc3jAH5zjED2xH-zgZMg&utm_campaign=yelp_api_v3&utm_medium=api_v3_business_search&utm_source=l5Jc3jAH5zjED2xH-zgZMg,178,"[{'alias': 'mediterranean', 'title': 'Mediterranean'}, {'alias': 'cocktailbars', 'title': 'Cocktail Bars'}]",4.4,"['delivery', 'pickup']",$$,+12029623947,(202) 962-3947,2339.416071053263,"[{'open': [{'is_overnight': False, 'start': '1130', 'end': '2200', 'day': 1}, {'is_overnight': False, 'start': '1130', 'end': '2200', 'day': 2}, {'is_overnight': False, 'start': '1130', 'end': '2200', 'day': 3}, {'is_overnight': False, 'start': '1130', 'end': '2200', 'day': 4}, {'is_overnight': False, 'start': '1100', 'end': '2200', 'day': 5}, {'is_overnight': False, 'start': '1100', 'end': '2100', 'day': 6}], 'hours_type': 'REGULAR', 'is_open_now': True}]",38.90591,-77.00473,140 M St NE,,,"Washington, DC",20002,US,DC,"['140 M St NE', 'Washington, DC 20002']",,https://www.carvingroom.com/cr-noma-menus/,,
VlDWu_ftKpLmWoC0x7x1dA,pisco-y-nazca-ceviche-gastrobar-washington-4,Pisco y Nazca Ceviche Gastrobar,https://s3-media3.fl.yelpcdn.com/bphoto/Bm6TjIoI5lFxhN4_a3Wowg/o.jpg,False,https://www.yelp.com/biz/pisco-y-nazca-ceviche-gastrobar-washington-4?adjust_creative=l5Jc3jAH5zjED2xH-zgZMg&utm_campaign=yelp_api_v3&utm_medium=api_v3_business_search&utm_source=l5Jc3jAH5zjED2xH-zgZMg,2609,"[{'alias': 'peruvian', 'title': 'Peruvian'}, {'alias': 'cocktailbars', 'title': 'Cocktail Bars'}]",4.6,"['delivery', 'pickup']",$$,+12025593726,(202) 559-3726,1328.1812742771924,"[{'open': [{'is_overnight': False, 'start': '1100', 'end': '2200', 'day': 0}, {'is_overnight': False, 'start': '1100', 'end': '2200', 'day': 1}, {'is_overnight': False, 'start': '1100', 'end': '2200', 'day': 2}, {'is_overnight': False, 'start': '1100', 'end': '2200', 'day': 3}, {'is_overnight': False, 'start': '1100', 'end': '2300', 'day': 4}, {'is_overnight': False, 'start': '1100', 'end': '2300', 'day': 5}, {'is_overnight': False, 'start': '1100', 'end': '2200', 'day': 6}], 'hours_type': 'REGULAR', 'is_open_now': True}]",38.90398223,-77.0426388,1823 L St NW,,,"Washington, DC",20036,US,DC,"['1823 L St NW', 'Washington, DC 20036']",,https://piscoynazca.com/washington-dc/menus/,,
1p10IPU8QlojUHJWssXOZQ,grazie-nonna-washington,Grazie Nonna,https://s3-media4.fl.yelpcdn.com/bphoto/6IOwg___z2Vfca20guGulw/o.jpg,False,https://www.yelp.com/biz/grazie-nonna-washington?adjust_creative=l5Jc3jAH5zjED2xH-zgZMg&utm_campaign=yelp_api_v3&utm_medium=api_v3_business_search&utm_source=l5Jc3jAH5zjED2xH-zgZMg,516,"[{'alias': 'italian', 'title': 'Italian'}, {'alias': 'pizza', 'title': 'Pizza'}, {'alias': 'bars', 'title': 'Bars'}]",4.1,[],$$,+12029890307,(202) 989-0307,907.6498526527622,"[{'open': [{'is_overnight': False, 'start': '1130', 'end': '1430', 'day': 0}, {'is_overnight': False, 'start': '1700', 'end': '2200', 'day': 0}, {'is_overnight': False, 'start': '1130', 'end': '1430', 'day': 1}, {'is_overnight': False, 'start': '1700', 'end': '2200', 'day': 1}, {'is_overnight': False, 'start': '1130', 'end': '1430', 'day': 2}, {'is_overnight': False, 'start': '1700', 'end': '2200', 'day': 2}, {'is_overnight': False, 'start': '1130', 'end': '1430', 'day': 3}, {'is_overnight': False, 'start': '1700', 'end': '2200', 'day': 3}, {'is_overnight': False, 'start': '1130', 'end': '1430', 'day': 4}, {'is_overnight': False, 'start': '1700', 'end': '2300', 'day': 4}, {'is_overnight': False, 'start': '1700', 'end': '2300', 'day': 5}, {'is_overnight': False, 'start': '1700', 'end': '2200', 'day': 6}], 'hours_type': 'REGULAR', 'is_open_now': True}]",38.90401,-77.035,1100 15th St NW,,,"Washington, DC",20005,US,DC,"['1100 15th St NW', 'Washington, DC 20005']",,https://static1.squarespace.com/static/62f139b7ea49eb4b370abff5/t/632a04c0c087003e2b57473b/1663698112778/Grazie+Nonna+9.19.pdf,,
IGZrOca-z5QLiYFVvoT-SA,tiger-dumplings-arlington,Tiger Dumplings,https://s3-media4.fl.yelpcdn.com/bphoto/_2wXK0EkfJg2bittVjptjQ/o.jpg,False,https://www.yelp.com/biz/tiger-dumplings-arlington?adjust_creative=l5Jc3jAH5zjED2xH-zgZMg&utm_campaign=yelp_api_v3&utm_medium=api_v3_business_search&utm_source=l5Jc3jAH5zjED2xH-zgZMg,346,"[{'alias': 'noodles', 'title': 'Noodles'}, {'alias': 'dimsum', 'title': 'Dim Sum'}, {'alias': 'soup', 'title': 'Soup'}]",4.3,"['restaurant_reservation', 'delivery', 'pickup']",$$,+15719704512,(571) 970-4512,6442.354377333849,"[{'open': [{'is_overnight': False, 'start': '1130', 'end': '2100', 'day': 0}, {'is_overnight': False, 'start': '1130', 'end': '2100', 'day': 1}, {'is_overnight': False, 'start': '1130', 'end': '2100', 'day': 2}, {'is_overnight': False, 'start': '1130', 'end': '2100', 'day': 3}, {'is_overnight': False, 'start': '1130', 'end': '2200', 'day': 4}, {'is_overnight': False, 'start': '1030', 'end': '2200', 'day': 5}, {'is_overnight': False, 'start': '1030', 'end': '2100', 'day': 6}], 'hours_type': 'REGULAR', 'is_open_now': True}]",38.88613,-77.09768,3225 Washington Blvd,,,Arlington,22201,US,VA,"['3225 Washington Blvd', 'Arlington, VA 22201']",,https://www.tigerdumplings.com/order,,True
6Qhmt1jo7BMcFcp41fPFVg,the-hamilton-washington,The Hamilton,https://s3-media2.fl.yelpcdn.com/bphoto/4zmJ98owc9xaRl52-agRmg/o.jpg,False,https://www.yelp.com/biz/the-hamilton-washington?adjust_creative=l5Jc3jAH5zjED2xH-zgZMg&utm_campaign=yelp_api_v3&utm_medium=api_v3_business_search&utm_source=l5Jc3jAH5zjED2xH-zgZMg,3661,"[{'alias': 'seafood', 'title': 'Seafood'}, {'alias': 'newamerican', 'title': 'New American'}, {'alias': 'musicvenues', 'title': 'Music Venues'}]",3.9,"['delivery', 'pickup']",$$,+12027871000,(202) 787-1000,1553.8463108743952,"[{'open': [{'is_overnight': True, 'start': '1100', 'end': '0200', 'day': 0}, {'is_overnight': True, 'start': '1100', 'end': '0200', 'day': 1}, {'is_overnight': True, 'start': '1100', 'end': '0200', 'day': 2}, {'is_overnight': True, 'start': '1100', 'end': '0200', 'day': 3}, {'is_overnight': True, 'start': '1100', 'end': '0200', 'day': 4}, {'is_overnight': True, 'start': '1100', 'end': '0200', 'day': 5}, {'is_overnight': True, 'start': '1100', 'end': '0200', 'day': 6}], 'hours_type': 'REGULAR', 'is_open_now': True}]",38.8974544016632,-77.0320804809509,600 14th St NW,,,"Washington, DC",20005,US,DC,"['600 14th St NW', 'Washington, DC 20005']",,https://www.thehamiltondc.com/eat/,,
